{
  "cer": 1.0042493565617283,
  "wer": 1.2047092525246152,
  "eos_rate": 1.0,
  "forced_eos_rate": 0.714,
  "global_max_rate": 0.0,
  "avg_pred_len": 130.506,
  "avg_ref_len": 132.196,
  "pred_ref_len_ratio": 0.9872159520711671
}