{
  "cer": 0.7535117728538352,
  "wer": 1.0607932391764283,
  "eos_rate": 1.0,
  "forced_eos_rate": 0.286,
  "global_max_rate": 0.0,
  "avg_pred_len": 107.816,
  "avg_ref_len": 132.196,
  "pred_ref_len_ratio": 0.8155768707071319,
  "avg_max_char_run": 1.068,
  "avg_repeated_bigram_rate": 0.0014837836571211145
}